customer_id,customer_name,email,region
1001,Customer_1001,contact_1001@example.com,East
1002,Customer_1002,contact_1002@example.com,West
1003,Customer_1003,contact_1003@example.com,North
1004,Customer_1004,contact_1004@example.com,East
1005,Customer_1005,contact_1005@example.com,East
1006,Customer_1006,contact_1006@example.com,West
1007,Customer_1007,contact_1007@example.com,North
1008,Customer_1008,contact_1008@example.com,North
1009,Customer_1009,contact_1009@example.com,East
1010,Customer_1010,contact_1010@example.com,South
1011,Customer_1011,contact_1011@example.com,East
1012,Customer_1012,contact_1012@example.com,East
1013,Customer_1013,contact_1013@example.com,East
1014,Customer_1014,contact_1014@example.com,East
1015,Customer_1015,contact_1015@example.com,West
1016,Customer_1016,contact_1016@example.com,North
1017,Customer_1017,contact_1017@example.com,West
1018,Customer_1018,contact_1018@example.com,West
1019,Customer_1019,contact_1019@example.com,West
1020,Customer_1020,contact_1020@example.com,East
1021,Customer_1021,contact_1021@example.com,South
1022,Customer_1022,contact_1022@example.com,North
1023,Customer_1023,contact_1023@example.com,South
1024,Customer_1024,contact_1024@example.com,West
1025,Customer_1025,contact_1025@example.com,West
1026,Customer_1026,contact_1026@example.com,South
1027,Customer_1027,contact_1027@example.com,South
1028,Customer_1028,contact_1028@example.com,South
1029,Customer_1029,contact_1029@example.com,West
1030,Customer_1030,contact_1030@example.com,West
1031,Customer_1031,contact_1031@example.com,North
1032,Customer_1032,contact_1032@example.com,North
1033,Customer_1033,contact_1033@example.com,West
1034,Customer_1034,contact_1034@example.com,South
1035,Customer_1035,contact_1035@example.com,South
1036,Customer_1036,contact_1036@example.com,North
1037,Customer_1037,contact_1037@example.com,West
1038,Customer_1038,contact_1038@example.com,North
1039,Customer_1039,contact_1039@example.com,North
1040,Customer_1040,contact_1040@example.com,East
1041,Customer_1041,contact_1041@example.com,East
1042,Customer_1042,contact_1042@example.com,East
1043,Customer_1043,contact_1043@example.com,South
1044,Customer_1044,contact_1044@example.com,West
1045,Customer_1045,contact_1045@example.com,West
1046,Customer_1046,contact_1046@example.com,West
1047,Customer_1047,contact_1047@example.com,West
1048,Customer_1048,contact_1048@example.com,East
1049,Customer_1049,contact_1049@example.com,South
1050,Customer_1050,contact_1050@example.com,South
1051,Customer_1051,contact_1051@example.com,East
1052,Customer_1052,contact_1052@example.com,South
1053,Customer_1053,contact_1053@example.com,East
1054,Customer_1054,contact_1054@example.com,West
1055,Customer_1055,contact_1055@example.com,East
1056,Customer_1056,contact_1056@example.com,West
1057,Customer_1057,contact_1057@example.com,West
1058,Customer_1058,contact_1058@example.com,North
1059,Customer_1059,contact_1059@example.com,East
1060,Customer_1060,contact_1060@example.com,North
1061,Customer_1061,contact_1061@example.com,East
1062,Customer_1062,contact_1062@example.com,East
1063,Customer_1063,contact_1063@example.com,North
1064,Customer_1064,contact_1064@example.com,North
1065,Customer_1065,contact_1065@example.com,East
1066,Customer_1066,contact_1066@example.com,South
1067,Customer_1067,contact_1067@example.com,West
1068,Customer_1068,contact_1068@example.com,North
1069,Customer_1069,contact_1069@example.com,West
1070,Customer_1070,contact_1070@example.com,South
1071,Customer_1071,contact_1071@example.com,South
1072,Customer_1072,contact_1072@example.com,South
1073,Customer_1073,contact_1073@example.com,North
1074,Customer_1074,contact_1074@example.com,South
1075,Customer_1075,contact_1075@example.com,North
1076,Customer_1076,contact_1076@example.com,South
1077,Customer_1077,contact_1077@example.com,West
1078,Customer_1078,contact_1078@example.com,West
1079,Customer_1079,contact_1079@example.com,East
1080,Customer_1080,contact_1080@example.com,West
1081,Customer_1081,contact_1081@example.com,East
1082,Customer_1082,contact_1082@example.com,West
1083,Customer_1083,contact_1083@example.com,North
1084,Customer_1084,contact_1084@example.com,West
1085,Customer_1085,contact_1085@example.com,East
1086,Customer_1086,contact_1086@example.com,East
1087,Customer_1087,contact_1087@example.com,South
1088,Customer_1088,contact_1088@example.com,North
1089,Customer_1089,contact_1089@example.com,West
1090,Customer_1090,contact_1090@example.com,South
1091,Customer_1091,contact_1091@example.com,West
1092,Customer_1092,contact_1092@example.com,West
1093,Customer_1093,contact_1093@example.com,South
1094,Customer_1094,contact_1094@example.com,South
1095,Customer_1095,contact_1095@example.com,South
1096,Customer_1096,contact_1096@example.com,South
1097,Customer_1097,contact_1097@example.com,South
1098,Customer_1098,contact_1098@example.com,West
1099,Customer_1099,contact_1099@example.com,South
1100,Customer_1100,contact_1100@example.com,North
1101,Customer_1101,contact_1101@example.com,East
1102,Customer_1102,contact_1102@example.com,South
1103,Customer_1103,contact_1103@example.com,South
1104,Customer_1104,contact_1104@example.com,West
1105,Customer_1105,contact_1105@example.com,South
1106,Customer_1106,contact_1106@example.com,South
1107,Customer_1107,contact_1107@example.com,South
1108,Customer_1108,contact_1108@example.com,West
1109,Customer_1109,contact_1109@example.com,South
1110,Customer_1110,contact_1110@example.com,East
1111,Customer_1111,contact_1111@example.com,West
1112,Customer_1112,contact_1112@example.com,East
1113,Customer_1113,contact_1113@example.com,West
1114,Customer_1114,contact_1114@example.com,South
1115,Customer_1115,contact_1115@example.com,East
1116,Customer_1116,contact_1116@example.com,West
1117,Customer_1117,contact_1117@example.com,North
1118,Customer_1118,contact_1118@example.com,South
1119,Customer_1119,contact_1119@example.com,West
1120,Customer_1120,contact_1120@example.com,North
1121,Customer_1121,contact_1121@example.com,West
1122,Customer_1122,contact_1122@example.com,North
1123,Customer_1123,contact_1123@example.com,South
1124,Customer_1124,contact_1124@example.com,East
1125,Customer_1125,contact_1125@example.com,North
1126,Customer_1126,contact_1126@example.com,West
1127,Customer_1127,contact_1127@example.com,South
1128,Customer_1128,contact_1128@example.com,North
1129,Customer_1129,contact_1129@example.com,West
1130,Customer_1130,contact_1130@example.com,West
1131,Customer_1131,contact_1131@example.com,West
1132,Customer_1132,contact_1132@example.com,North
1133,Customer_1133,contact_1133@example.com,North
1134,Customer_1134,contact_1134@example.com,North
1135,Customer_1135,contact_1135@example.com,East
1136,Customer_1136,contact_1136@example.com,North
1137,Customer_1137,contact_1137@example.com,North
1138,Customer_1138,contact_1138@example.com,North
1139,Customer_1139,contact_1139@example.com,East
1140,Customer_1140,contact_1140@example.com,North
1141,Customer_1141,contact_1141@example.com,West
1142,Customer_1142,contact_1142@example.com,North
1143,Customer_1143,contact_1143@example.com,West
1144,Customer_1144,contact_1144@example.com,West
1145,Customer_1145,contact_1145@example.com,West
1146,Customer_1146,contact_1146@example.com,East
1147,Customer_1147,contact_1147@example.com,East
1148,Customer_1148,contact_1148@example.com,East
1149,Customer_1149,contact_1149@example.com,North
1150,Customer_1150,contact_1150@example.com,West
1151,Customer_1151,contact_1151@example.com,East
1152,Customer_1152,contact_1152@example.com,East
1153,Customer_1153,contact_1153@example.com,North
1154,Customer_1154,contact_1154@example.com,East
1155,Customer_1155,contact_1155@example.com,North
1156,Customer_1156,contact_1156@example.com,South
1157,Customer_1157,contact_1157@example.com,East
1158,Customer_1158,contact_1158@example.com,South
1159,Customer_1159,contact_1159@example.com,North
1160,Customer_1160,contact_1160@example.com,West
1161,Customer_1161,contact_1161@example.com,East
1162,Customer_1162,contact_1162@example.com,North
1163,Customer_1163,contact_1163@example.com,West
1164,Customer_1164,contact_1164@example.com,West
1165,Customer_1165,contact_1165@example.com,South
1166,Customer_1166,contact_1166@example.com,North
1167,Customer_1167,contact_1167@example.com,West
1168,Customer_1168,contact_1168@example.com,East
1169,Customer_1169,contact_1169@example.com,East
1170,Customer_1170,contact_1170@example.com,South
1171,Customer_1171,contact_1171@example.com,West
1172,Customer_1172,contact_1172@example.com,North
1173,Customer_1173,contact_1173@example.com,East
1174,Customer_1174,contact_1174@example.com,West
1175,Customer_1175,contact_1175@example.com,West
1176,Customer_1176,contact_1176@example.com,South
1177,Customer_1177,contact_1177@example.com,East
1178,Customer_1178,contact_1178@example.com,East
1179,Customer_1179,contact_1179@example.com,North
1180,Customer_1180,contact_1180@example.com,East
1181,Customer_1181,contact_1181@example.com,North
1182,Customer_1182,contact_1182@example.com,East
1183,Customer_1183,contact_1183@example.com,South
1184,Customer_1184,contact_1184@example.com,East
1185,Customer_1185,contact_1185@example.com,North
1186,Customer_1186,contact_1186@example.com,North
1187,Customer_1187,contact_1187@example.com,South
1188,Customer_1188,contact_1188@example.com,East
1189,Customer_1189,contact_1189@example.com,East
1190,Customer_1190,contact_1190@example.com,South
1191,Customer_1191,contact_1191@example.com,East
1192,Customer_1192,contact_1192@example.com,East
1193,Customer_1193,contact_1193@example.com,North
1194,Customer_1194,contact_1194@example.com,East
1195,Customer_1195,contact_1195@example.com,East
1196,Customer_1196,contact_1196@example.com,South
1197,Customer_1197,contact_1197@example.com,South
1198,Customer_1198,contact_1198@example.com,West
1199,Customer_1199,contact_1199@example.com,North
1200,Customer_1200,contact_1200@example.com,East
1201,Customer_1201,contact_1201@example.com,East
1202,Customer_1202,contact_1202@example.com,West
1203,Customer_1203,contact_1203@example.com,East
1204,Customer_1204,contact_1204@example.com,North
1205,Customer_1205,contact_1205@example.com,West
1206,Customer_1206,contact_1206@example.com,North
1207,Customer_1207,contact_1207@example.com,West
1208,Customer_1208,contact_1208@example.com,West
1209,Customer_1209,contact_1209@example.com,South
1210,Customer_1210,contact_1210@example.com,North
1211,Customer_1211,contact_1211@example.com,East
1212,Customer_1212,contact_1212@example.com,East
1213,Customer_1213,contact_1213@example.com,North
1214,Customer_1214,contact_1214@example.com,East
1215,Customer_1215,contact_1215@example.com,East
1216,Customer_1216,contact_1216@example.com,North
1217,Customer_1217,contact_1217@example.com,West
1218,Customer_1218,contact_1218@example.com,North
1219,Customer_1219,contact_1219@example.com,West
1220,Customer_1220,contact_1220@example.com,East
1221,Customer_1221,contact_1221@example.com,East
1222,Customer_1222,contact_1222@example.com,East
1223,Customer_1223,contact_1223@example.com,South
1224,Customer_1224,contact_1224@example.com,West
1225,Customer_1225,contact_1225@example.com,South
1226,Customer_1226,contact_1226@example.com,South
1227,Customer_1227,contact_1227@example.com,North
1228,Customer_1228,contact_1228@example.com,South
1229,Customer_1229,contact_1229@example.com,North
1230,Customer_1230,contact_1230@example.com,North
1231,Customer_1231,contact_1231@example.com,South
1232,Customer_1232,contact_1232@example.com,West
1233,Customer_1233,contact_1233@example.com,West
1234,Customer_1234,contact_1234@example.com,West
1235,Customer_1235,contact_1235@example.com,West
1236,Customer_1236,contact_1236@example.com,West
1237,Customer_1237,contact_1237@example.com,South
1238,Customer_1238,contact_1238@example.com,South
1239,Customer_1239,contact_1239@example.com,East
1240,Customer_1240,contact_1240@example.com,West
1241,Customer_1241,contact_1241@example.com,South
1242,Customer_1242,contact_1242@example.com,East
1243,Customer_1243,contact_1243@example.com,West
1244,Customer_1244,contact_1244@example.com,North
1245,Customer_1245,contact_1245@example.com,East
1246,Customer_1246,contact_1246@example.com,South
1247,Customer_1247,contact_1247@example.com,North
1248,Customer_1248,contact_1248@example.com,North
1249,Customer_1249,contact_1249@example.com,North
1250,Customer_1250,contact_1250@example.com,East
1251,Customer_1251,contact_1251@example.com,South
1252,Customer_1252,contact_1252@example.com,North
1253,Customer_1253,contact_1253@example.com,West
1254,Customer_1254,contact_1254@example.com,North
1255,Customer_1255,contact_1255@example.com,North
1256,Customer_1256,contact_1256@example.com,East
1257,Customer_1257,contact_1257@example.com,East
1258,Customer_1258,contact_1258@example.com,South
1259,Customer_1259,contact_1259@example.com,West
1260,Customer_1260,contact_1260@example.com,East
1261,Customer_1261,contact_1261@example.com,North
1262,Customer_1262,contact_1262@example.com,South
1263,Customer_1263,contact_1263@example.com,North
1264,Customer_1264,contact_1264@example.com,North
1265,Customer_1265,contact_1265@example.com,East
1266,Customer_1266,contact_1266@example.com,South
1267,Customer_1267,contact_1267@example.com,West
1268,Customer_1268,contact_1268@example.com,West
1269,Customer_1269,contact_1269@example.com,East
1270,Customer_1270,contact_1270@example.com,East
1271,Customer_1271,contact_1271@example.com,South
1272,Customer_1272,contact_1272@example.com,West
1273,Customer_1273,contact_1273@example.com,West
1274,Customer_1274,contact_1274@example.com,West
1275,Customer_1275,contact_1275@example.com,North
1276,Customer_1276,contact_1276@example.com,West
1277,Customer_1277,contact_1277@example.com,North
1278,Customer_1278,contact_1278@example.com,South
1279,Customer_1279,contact_1279@example.com,North
1280,Customer_1280,contact_1280@example.com,South
1281,Customer_1281,contact_1281@example.com,West
1282,Customer_1282,contact_1282@example.com,West
1283,Customer_1283,contact_1283@example.com,South
1284,Customer_1284,contact_1284@example.com,East
1285,Customer_1285,contact_1285@example.com,South
1286,Customer_1286,contact_1286@example.com,East
1287,Customer_1287,contact_1287@example.com,North
1288,Customer_1288,contact_1288@example.com,North
1289,Customer_1289,contact_1289@example.com,North
1290,Customer_1290,contact_1290@example.com,West
1291,Customer_1291,contact_1291@example.com,North
1292,Customer_1292,contact_1292@example.com,East
1293,Customer_1293,contact_1293@example.com,North
1294,Customer_1294,contact_1294@example.com,South
1295,Customer_1295,contact_1295@example.com,South
1296,Customer_1296,contact_1296@example.com,West
1297,Customer_1297,contact_1297@example.com,South
1298,Customer_1298,contact_1298@example.com,East
1299,Customer_1299,contact_1299@example.com,North
1300,Customer_1300,contact_1300@example.com,West
1301,Customer_1301,contact_1301@example.com,North
1302,Customer_1302,contact_1302@example.com,North
1303,Customer_1303,contact_1303@example.com,East
1304,Customer_1304,contact_1304@example.com,South
1305,Customer_1305,contact_1305@example.com,South
1306,Customer_1306,contact_1306@example.com,North
1307,Customer_1307,contact_1307@example.com,West
1308,Customer_1308,contact_1308@example.com,South
1309,Customer_1309,contact_1309@example.com,West
1310,Customer_1310,contact_1310@example.com,South
1311,Customer_1311,contact_1311@example.com,West
1312,Customer_1312,contact_1312@example.com,East
1313,Customer_1313,contact_1313@example.com,West
1314,Customer_1314,contact_1314@example.com,East
1315,Customer_1315,contact_1315@example.com,East
1316,Customer_1316,contact_1316@example.com,West
1317,Customer_1317,contact_1317@example.com,East
1318,Customer_1318,contact_1318@example.com,North
1319,Customer_1319,contact_1319@example.com,East
1320,Customer_1320,contact_1320@example.com,South
1321,Customer_1321,contact_1321@example.com,West
1322,Customer_1322,contact_1322@example.com,North
1323,Customer_1323,contact_1323@example.com,West
1324,Customer_1324,contact_1324@example.com,South
1325,Customer_1325,contact_1325@example.com,South
1326,Customer_1326,contact_1326@example.com,South
1327,Customer_1327,contact_1327@example.com,East
1328,Customer_1328,contact_1328@example.com,East
1329,Customer_1329,contact_1329@example.com,West
1330,Customer_1330,contact_1330@example.com,West
1331,Customer_1331,contact_1331@example.com,North
1332,Customer_1332,contact_1332@example.com,North
1333,Customer_1333,contact_1333@example.com,West
1334,Customer_1334,contact_1334@example.com,East
1335,Customer_1335,contact_1335@example.com,South
1336,Customer_1336,contact_1336@example.com,West
1337,Customer_1337,contact_1337@example.com,North
1338,Customer_1338,contact_1338@example.com,East
1339,Customer_1339,contact_1339@example.com,West
1340,Customer_1340,contact_1340@example.com,West
1341,Customer_1341,contact_1341@example.com,East
1342,Customer_1342,contact_1342@example.com,West
1343,Customer_1343,contact_1343@example.com,East
1344,Customer_1344,contact_1344@example.com,South
1345,Customer_1345,contact_1345@example.com,East
1346,Customer_1346,contact_1346@example.com,East
1347,Customer_1347,contact_1347@example.com,East
1348,Customer_1348,contact_1348@example.com,West
1349,Customer_1349,contact_1349@example.com,West
1350,Customer_1350,contact_1350@example.com,East
1351,Customer_1351,contact_1351@example.com,West
1352,Customer_1352,contact_1352@example.com,North
1353,Customer_1353,contact_1353@example.com,North
1354,Customer_1354,contact_1354@example.com,West
1355,Customer_1355,contact_1355@example.com,West
1356,Customer_1356,contact_1356@example.com,East
1357,Customer_1357,contact_1357@example.com,South
1358,Customer_1358,contact_1358@example.com,West
1359,Customer_1359,contact_1359@example.com,North
1360,Customer_1360,contact_1360@example.com,East
1361,Customer_1361,contact_1361@example.com,West
1362,Customer_1362,contact_1362@example.com,North
1363,Customer_1363,contact_1363@example.com,North
1364,Customer_1364,contact_1364@example.com,South
1365,Customer_1365,contact_1365@example.com,East
1366,Customer_1366,contact_1366@example.com,East
1367,Customer_1367,contact_1367@example.com,South
1368,Customer_1368,contact_1368@example.com,South
1369,Customer_1369,contact_1369@example.com,East
1370,Customer_1370,contact_1370@example.com,East
1371,Customer_1371,contact_1371@example.com,West
1372,Customer_1372,contact_1372@example.com,West
1373,Customer_1373,contact_1373@example.com,South
1374,Customer_1374,contact_1374@example.com,West
1375,Customer_1375,contact_1375@example.com,North
1376,Customer_1376,contact_1376@example.com,West
1377,Customer_1377,contact_1377@example.com,West
1378,Customer_1378,contact_1378@example.com,North
1379,Customer_1379,contact_1379@example.com,South
1380,Customer_1380,contact_1380@example.com,North
1381,Customer_1381,contact_1381@example.com,West
1382,Customer_1382,contact_1382@example.com,South
1383,Customer_1383,contact_1383@example.com,West
1384,Customer_1384,contact_1384@example.com,North
1385,Customer_1385,contact_1385@example.com,North
1386,Customer_1386,contact_1386@example.com,West
1387,Customer_1387,contact_1387@example.com,East
1388,Customer_1388,contact_1388@example.com,East
1389,Customer_1389,contact_1389@example.com,North
1390,Customer_1390,contact_1390@example.com,North
1391,Customer_1391,contact_1391@example.com,East
1392,Customer_1392,contact_1392@example.com,East
1393,Customer_1393,contact_1393@example.com,West
1394,Customer_1394,contact_1394@example.com,West
1395,Customer_1395,contact_1395@example.com,East
1396,Customer_1396,contact_1396@example.com,West
1397,Customer_1397,contact_1397@example.com,West
1398,Customer_1398,contact_1398@example.com,South
1399,Customer_1399,contact_1399@example.com,West
1400,Customer_1400,contact_1400@example.com,North
1401,Customer_1401,contact_1401@example.com,West
1402,Customer_1402,contact_1402@example.com,West
1403,Customer_1403,contact_1403@example.com,East
1404,Customer_1404,contact_1404@example.com,North
1405,Customer_1405,contact_1405@example.com,West
1406,Customer_1406,contact_1406@example.com,West
1407,Customer_1407,contact_1407@example.com,South
1408,Customer_1408,contact_1408@example.com,West
1409,Customer_1409,contact_1409@example.com,West
1410,Customer_1410,contact_1410@example.com,South
1411,Customer_1411,contact_1411@example.com,East
1412,Customer_1412,contact_1412@example.com,West
1413,Customer_1413,contact_1413@example.com,South
1414,Customer_1414,contact_1414@example.com,North
1415,Customer_1415,contact_1415@example.com,East
1416,Customer_1416,contact_1416@example.com,North
1417,Customer_1417,contact_1417@example.com,North
1418,Customer_1418,contact_1418@example.com,South
1419,Customer_1419,contact_1419@example.com,West
1420,Customer_1420,contact_1420@example.com,South
1421,Customer_1421,contact_1421@example.com,South
1422,Customer_1422,contact_1422@example.com,South
1423,Customer_1423,contact_1423@example.com,South
1424,Customer_1424,contact_1424@example.com,East
1425,Customer_1425,contact_1425@example.com,West
1426,Customer_1426,contact_1426@example.com,North
1427,Customer_1427,contact_1427@example.com,North
1428,Customer_1428,contact_1428@example.com,West
1429,Customer_1429,contact_1429@example.com,North
1430,Customer_1430,contact_1430@example.com,West
1431,Customer_1431,contact_1431@example.com,North
1432,Customer_1432,contact_1432@example.com,South
1433,Customer_1433,contact_1433@example.com,North
1434,Customer_1434,contact_1434@example.com,West
1435,Customer_1435,contact_1435@example.com,West
1436,Customer_1436,contact_1436@example.com,West
1437,Customer_1437,contact_1437@example.com,West
1438,Customer_1438,contact_1438@example.com,West
1439,Customer_1439,contact_1439@example.com,East
1440,Customer_1440,contact_1440@example.com,East
1441,Customer_1441,contact_1441@example.com,North
1442,Customer_1442,contact_1442@example.com,West
1443,Customer_1443,contact_1443@example.com,North
1444,Customer_1444,contact_1444@example.com,West
1445,Customer_1445,contact_1445@example.com,West
1446,Customer_1446,contact_1446@example.com,East
1447,Customer_1447,contact_1447@example.com,East
1448,Customer_1448,contact_1448@example.com,South
1449,Customer_1449,contact_1449@example.com,East
1450,Customer_1450,contact_1450@example.com,South
1451,Customer_1451,contact_1451@example.com,South
1452,Customer_1452,contact_1452@example.com,South
1453,Customer_1453,contact_1453@example.com,South
1454,Customer_1454,contact_1454@example.com,South
1455,Customer_1455,contact_1455@example.com,North
1456,Customer_1456,contact_1456@example.com,East
1457,Customer_1457,contact_1457@example.com,South
1458,Customer_1458,contact_1458@example.com,West
1459,Customer_1459,contact_1459@example.com,East
1460,Customer_1460,contact_1460@example.com,East
1461,Customer_1461,contact_1461@example.com,South
1462,Customer_1462,contact_1462@example.com,North
1463,Customer_1463,contact_1463@example.com,South
1464,Customer_1464,contact_1464@example.com,North
1465,Customer_1465,contact_1465@example.com,West
1466,Customer_1466,contact_1466@example.com,East
1467,Customer_1467,contact_1467@example.com,West
1468,Customer_1468,contact_1468@example.com,North
1469,Customer_1469,contact_1469@example.com,North
1470,Customer_1470,contact_1470@example.com,West
1471,Customer_1471,contact_1471@example.com,North
1472,Customer_1472,contact_1472@example.com,West
1473,Customer_1473,contact_1473@example.com,East
1474,Customer_1474,contact_1474@example.com,West
1475,Customer_1475,contact_1475@example.com,East
1476,Customer_1476,contact_1476@example.com,West
1477,Customer_1477,contact_1477@example.com,North
1478,Customer_1478,contact_1478@example.com,West
1479,Customer_1479,contact_1479@example.com,North
1480,Customer_1480,contact_1480@example.com,West
1481,Customer_1481,contact_1481@example.com,West
1482,Customer_1482,contact_1482@example.com,South
1483,Customer_1483,contact_1483@example.com,North
1484,Customer_1484,contact_1484@example.com,South
1485,Customer_1485,contact_1485@example.com,North
1486,Customer_1486,contact_1486@example.com,South
1487,Customer_1487,contact_1487@example.com,East
1488,Customer_1488,contact_1488@example.com,West
1489,Customer_1489,contact_1489@example.com,North
1490,Customer_1490,contact_1490@example.com,North
1491,Customer_1491,contact_1491@example.com,West
1492,Customer_1492,contact_1492@example.com,North
1493,Customer_1493,contact_1493@example.com,North
1494,Customer_1494,contact_1494@example.com,South
1495,Customer_1495,contact_1495@example.com,North
1496,Customer_1496,contact_1496@example.com,East
1497,Customer_1497,contact_1497@example.com,East
1498,Customer_1498,contact_1498@example.com,West
1499,Customer_1499,contact_1499@example.com,North
1500,Customer_1500,contact_1500@example.com,West
1501,Customer_1501,contact_1501@example.com,East
1502,Customer_1502,contact_1502@example.com,North
1503,Customer_1503,contact_1503@example.com,North
1504,Customer_1504,contact_1504@example.com,West
1505,Customer_1505,contact_1505@example.com,East
1506,Customer_1506,contact_1506@example.com,North
1507,Customer_1507,contact_1507@example.com,West
1508,Customer_1508,contact_1508@example.com,East
1509,Customer_1509,contact_1509@example.com,West
1510,Customer_1510,contact_1510@example.com,South
1511,Customer_1511,contact_1511@example.com,North
1512,Customer_1512,contact_1512@example.com,South
1513,Customer_1513,contact_1513@example.com,East
1514,Customer_1514,contact_1514@example.com,South
1515,Customer_1515,contact_1515@example.com,South
1516,Customer_1516,contact_1516@example.com,East
1517,Customer_1517,contact_1517@example.com,West
1518,Customer_1518,contact_1518@example.com,South
1519,Customer_1519,contact_1519@example.com,West
1520,Customer_1520,contact_1520@example.com,South
1521,Customer_1521,contact_1521@example.com,West
1522,Customer_1522,contact_1522@example.com,East
1523,Customer_1523,contact_1523@example.com,South
1524,Customer_1524,contact_1524@example.com,East
1525,Customer_1525,contact_1525@example.com,South
1526,Customer_1526,contact_1526@example.com,East
1527,Customer_1527,contact_1527@example.com,East
1528,Customer_1528,contact_1528@example.com,South
1529,Customer_1529,contact_1529@example.com,South
1530,Customer_1530,contact_1530@example.com,South
1531,Customer_1531,contact_1531@example.com,North
1532,Customer_1532,contact_1532@example.com,West
1533,Customer_1533,contact_1533@example.com,North
1534,Customer_1534,contact_1534@example.com,North
1535,Customer_1535,contact_1535@example.com,East
1536,Customer_1536,contact_1536@example.com,South
1537,Customer_1537,contact_1537@example.com,West
1538,Customer_1538,contact_1538@example.com,East
1539,Customer_1539,contact_1539@example.com,North
1540,Customer_1540,contact_1540@example.com,South
1541,Customer_1541,contact_1541@example.com,East
1542,Customer_1542,contact_1542@example.com,South
1543,Customer_1543,contact_1543@example.com,East
1544,Customer_1544,contact_1544@example.com,South
1545,Customer_1545,contact_1545@example.com,North
1546,Customer_1546,contact_1546@example.com,West
1547,Customer_1547,contact_1547@example.com,North
1548,Customer_1548,contact_1548@example.com,West
1549,Customer_1549,contact_1549@example.com,South
1550,Customer_1550,contact_1550@example.com,East
1551,Customer_1551,contact_1551@example.com,North
1552,Customer_1552,contact_1552@example.com,West
1553,Customer_1553,contact_1553@example.com,North
1554,Customer_1554,contact_1554@example.com,West
1555,Customer_1555,contact_1555@example.com,North
1556,Customer_1556,contact_1556@example.com,West
1557,Customer_1557,contact_1557@example.com,West
1558,Customer_1558,contact_1558@example.com,South
1559,Customer_1559,contact_1559@example.com,West
1560,Customer_1560,contact_1560@example.com,South
1561,Customer_1561,contact_1561@example.com,West
1562,Customer_1562,contact_1562@example.com,East
1563,Customer_1563,contact_1563@example.com,East
1564,Customer_1564,contact_1564@example.com,East
1565,Customer_1565,contact_1565@example.com,West
1566,Customer_1566,contact_1566@example.com,South
1567,Customer_1567,contact_1567@example.com,South
1568,Customer_1568,contact_1568@example.com,West
1569,Customer_1569,contact_1569@example.com,East
1570,Customer_1570,contact_1570@example.com,East
1571,Customer_1571,contact_1571@example.com,South
1572,Customer_1572,contact_1572@example.com,East
1573,Customer_1573,contact_1573@example.com,North
1574,Customer_1574,contact_1574@example.com,South
1575,Customer_1575,contact_1575@example.com,East
1576,Customer_1576,contact_1576@example.com,South
1577,Customer_1577,contact_1577@example.com,North
1578,Customer_1578,contact_1578@example.com,South
1579,Customer_1579,contact_1579@example.com,South
1580,Customer_1580,contact_1580@example.com,South
1581,Customer_1581,contact_1581@example.com,South
1582,Customer_1582,contact_1582@example.com,North
1583,Customer_1583,contact_1583@example.com,West
1584,Customer_1584,contact_1584@example.com,South
1585,Customer_1585,contact_1585@example.com,South
1586,Customer_1586,contact_1586@example.com,East
1587,Customer_1587,contact_1587@example.com,South
1588,Customer_1588,contact_1588@example.com,East
1589,Customer_1589,contact_1589@example.com,West
1590,Customer_1590,contact_1590@example.com,North
1591,Customer_1591,contact_1591@example.com,North
1592,Customer_1592,contact_1592@example.com,West
1593,Customer_1593,contact_1593@example.com,North
1594,Customer_1594,contact_1594@example.com,West
1595,Customer_1595,contact_1595@example.com,West
1596,Customer_1596,contact_1596@example.com,West
1597,Customer_1597,contact_1597@example.com,North
1598,Customer_1598,contact_1598@example.com,East
1599,Customer_1599,contact_1599@example.com,West
1600,Customer_1600,contact_1600@example.com,South
1601,Customer_1601,contact_1601@example.com,North
1602,Customer_1602,contact_1602@example.com,West
1603,Customer_1603,contact_1603@example.com,West
1604,Customer_1604,contact_1604@example.com,South
1605,Customer_1605,contact_1605@example.com,East
1606,Customer_1606,contact_1606@example.com,East
1607,Customer_1607,contact_1607@example.com,East
1608,Customer_1608,contact_1608@example.com,West
1609,Customer_1609,contact_1609@example.com,West
1610,Customer_1610,contact_1610@example.com,West
1611,Customer_1611,contact_1611@example.com,North
1612,Customer_1612,contact_1612@example.com,South
1613,Customer_1613,contact_1613@example.com,West
1614,Customer_1614,contact_1614@example.com,South
1615,Customer_1615,contact_1615@example.com,South
1616,Customer_1616,contact_1616@example.com,East
1617,Customer_1617,contact_1617@example.com,North
1618,Customer_1618,contact_1618@example.com,West
1619,Customer_1619,contact_1619@example.com,East
1620,Customer_1620,contact_1620@example.com,East
1621,Customer_1621,contact_1621@example.com,West
1622,Customer_1622,contact_1622@example.com,South
1623,Customer_1623,contact_1623@example.com,East
1624,Customer_1624,contact_1624@example.com,South
1625,Customer_1625,contact_1625@example.com,North
1626,Customer_1626,contact_1626@example.com,South
1627,Customer_1627,contact_1627@example.com,North
1628,Customer_1628,contact_1628@example.com,South
1629,Customer_1629,contact_1629@example.com,East
1630,Customer_1630,contact_1630@example.com,East
1631,Customer_1631,contact_1631@example.com,North
1632,Customer_1632,contact_1632@example.com,West
1633,Customer_1633,contact_1633@example.com,North
1634,Customer_1634,contact_1634@example.com,North
1635,Customer_1635,contact_1635@example.com,South
1636,Customer_1636,contact_1636@example.com,South
1637,Customer_1637,contact_1637@example.com,North
1638,Customer_1638,contact_1638@example.com,East
1639,Customer_1639,contact_1639@example.com,South
1640,Customer_1640,contact_1640@example.com,West
1641,Customer_1641,contact_1641@example.com,South
1642,Customer_1642,contact_1642@example.com,South
1643,Customer_1643,contact_1643@example.com,West
1644,Customer_1644,contact_1644@example.com,North
1645,Customer_1645,contact_1645@example.com,West
1646,Customer_1646,contact_1646@example.com,North
1647,Customer_1647,contact_1647@example.com,North
1648,Customer_1648,contact_1648@example.com,North
1649,Customer_1649,contact_1649@example.com,West
1650,Customer_1650,contact_1650@example.com,North
1651,Customer_1651,contact_1651@example.com,East
1652,Customer_1652,contact_1652@example.com,West
1653,Customer_1653,contact_1653@example.com,East
1654,Customer_1654,contact_1654@example.com,North
1655,Customer_1655,contact_1655@example.com,South
1656,Customer_1656,contact_1656@example.com,North
1657,Customer_1657,contact_1657@example.com,East
1658,Customer_1658,contact_1658@example.com,East
1659,Customer_1659,contact_1659@example.com,West
1660,Customer_1660,contact_1660@example.com,South
1661,Customer_1661,contact_1661@example.com,West
1662,Customer_1662,contact_1662@example.com,East
1663,Customer_1663,contact_1663@example.com,North
1664,Customer_1664,contact_1664@example.com,South
1665,Customer_1665,contact_1665@example.com,North
1666,Customer_1666,contact_1666@example.com,North
1667,Customer_1667,contact_1667@example.com,South
1668,Customer_1668,contact_1668@example.com,West
1669,Customer_1669,contact_1669@example.com,North
1670,Customer_1670,contact_1670@example.com,East
1671,Customer_1671,contact_1671@example.com,North
1672,Customer_1672,contact_1672@example.com,South
1673,Customer_1673,contact_1673@example.com,South
1674,Customer_1674,contact_1674@example.com,South
1675,Customer_1675,contact_1675@example.com,West
1676,Customer_1676,contact_1676@example.com,North
1677,Customer_1677,contact_1677@example.com,West
1678,Customer_1678,contact_1678@example.com,West
1679,Customer_1679,contact_1679@example.com,South
1680,Customer_1680,contact_1680@example.com,South
1681,Customer_1681,contact_1681@example.com,West
1682,Customer_1682,contact_1682@example.com,North
1683,Customer_1683,contact_1683@example.com,East
1684,Customer_1684,contact_1684@example.com,West
1685,Customer_1685,contact_1685@example.com,North
1686,Customer_1686,contact_1686@example.com,South
1687,Customer_1687,contact_1687@example.com,South
1688,Customer_1688,contact_1688@example.com,North
1689,Customer_1689,contact_1689@example.com,East
1690,Customer_1690,contact_1690@example.com,South
1691,Customer_1691,contact_1691@example.com,South
1692,Customer_1692,contact_1692@example.com,South
1693,Customer_1693,contact_1693@example.com,North
1694,Customer_1694,contact_1694@example.com,West
1695,Customer_1695,contact_1695@example.com,South
1696,Customer_1696,contact_1696@example.com,West
1697,Customer_1697,contact_1697@example.com,East
1698,Customer_1698,contact_1698@example.com,South
1699,Customer_1699,contact_1699@example.com,South
1700,Customer_1700,contact_1700@example.com,East
1701,Customer_1701,contact_1701@example.com,South
1702,Customer_1702,contact_1702@example.com,West
1703,Customer_1703,contact_1703@example.com,North
1704,Customer_1704,contact_1704@example.com,West
1705,Customer_1705,contact_1705@example.com,North
1706,Customer_1706,contact_1706@example.com,North
1707,Customer_1707,contact_1707@example.com,West
1708,Customer_1708,contact_1708@example.com,West
1709,Customer_1709,contact_1709@example.com,West
1710,Customer_1710,contact_1710@example.com,West
1711,Customer_1711,contact_1711@example.com,East
1712,Customer_1712,contact_1712@example.com,South
1713,Customer_1713,contact_1713@example.com,North
1714,Customer_1714,contact_1714@example.com,West
1715,Customer_1715,contact_1715@example.com,West
1716,Customer_1716,contact_1716@example.com,West
1717,Customer_1717,contact_1717@example.com,East
1718,Customer_1718,contact_1718@example.com,West
1719,Customer_1719,contact_1719@example.com,West
1720,Customer_1720,contact_1720@example.com,West
1721,Customer_1721,contact_1721@example.com,South
1722,Customer_1722,contact_1722@example.com,East
1723,Customer_1723,contact_1723@example.com,West
1724,Customer_1724,contact_1724@example.com,North
1725,Customer_1725,contact_1725@example.com,North
1726,Customer_1726,contact_1726@example.com,North
1727,Customer_1727,contact_1727@example.com,East
1728,Customer_1728,contact_1728@example.com,East
1729,Customer_1729,contact_1729@example.com,North
1730,Customer_1730,contact_1730@example.com,West
1731,Customer_1731,contact_1731@example.com,East
1732,Customer_1732,contact_1732@example.com,North
1733,Customer_1733,contact_1733@example.com,North
1734,Customer_1734,contact_1734@example.com,West
1735,Customer_1735,contact_1735@example.com,South
1736,Customer_1736,contact_1736@example.com,East
1737,Customer_1737,contact_1737@example.com,West
1738,Customer_1738,contact_1738@example.com,North
1739,Customer_1739,contact_1739@example.com,North
1740,Customer_1740,contact_1740@example.com,West
1741,Customer_1741,contact_1741@example.com,East
1742,Customer_1742,contact_1742@example.com,South
1743,Customer_1743,contact_1743@example.com,South
1744,Customer_1744,contact_1744@example.com,North
1745,Customer_1745,contact_1745@example.com,East
1746,Customer_1746,contact_1746@example.com,South
1747,Customer_1747,contact_1747@example.com,East
1748,Customer_1748,contact_1748@example.com,East
1749,Customer_1749,contact_1749@example.com,North
1750,Customer_1750,contact_1750@example.com,South
1751,Customer_1751,contact_1751@example.com,West
1752,Customer_1752,contact_1752@example.com,North
1753,Customer_1753,contact_1753@example.com,South
1754,Customer_1754,contact_1754@example.com,South
1755,Customer_1755,contact_1755@example.com,South
1756,Customer_1756,contact_1756@example.com,South
1757,Customer_1757,contact_1757@example.com,South
1758,Customer_1758,contact_1758@example.com,East
1759,Customer_1759,contact_1759@example.com,North
1760,Customer_1760,contact_1760@example.com,East
1761,Customer_1761,contact_1761@example.com,West
1762,Customer_1762,contact_1762@example.com,South
1763,Customer_1763,contact_1763@example.com,North
1764,Customer_1764,contact_1764@example.com,South
1765,Customer_1765,contact_1765@example.com,North
1766,Customer_1766,contact_1766@example.com,East
1767,Customer_1767,contact_1767@example.com,North
1768,Customer_1768,contact_1768@example.com,West
1769,Customer_1769,contact_1769@example.com,West
1770,Customer_1770,contact_1770@example.com,North
1771,Customer_1771,contact_1771@example.com,North
1772,Customer_1772,contact_1772@example.com,North
1773,Customer_1773,contact_1773@example.com,North
1774,Customer_1774,contact_1774@example.com,West
1775,Customer_1775,contact_1775@example.com,South
1776,Customer_1776,contact_1776@example.com,North
1777,Customer_1777,contact_1777@example.com,North
1778,Customer_1778,contact_1778@example.com,West
1779,Customer_1779,contact_1779@example.com,West
1780,Customer_1780,contact_1780@example.com,East
1781,Customer_1781,contact_1781@example.com,North
1782,Customer_1782,contact_1782@example.com,East
1783,Customer_1783,contact_1783@example.com,West
1784,Customer_1784,contact_1784@example.com,West
1785,Customer_1785,contact_1785@example.com,South
1786,Customer_1786,contact_1786@example.com,North
1787,Customer_1787,contact_1787@example.com,East
1788,Customer_1788,contact_1788@example.com,West
1789,Customer_1789,contact_1789@example.com,West
1790,Customer_1790,contact_1790@example.com,East
1791,Customer_1791,contact_1791@example.com,South
1792,Customer_1792,contact_1792@example.com,West
1793,Customer_1793,contact_1793@example.com,North
1794,Customer_1794,contact_1794@example.com,West
1795,Customer_1795,contact_1795@example.com,North
1796,Customer_1796,contact_1796@example.com,East
1797,Customer_1797,contact_1797@example.com,North
1798,Customer_1798,contact_1798@example.com,East
1799,Customer_1799,contact_1799@example.com,North
1800,Customer_1800,contact_1800@example.com,East
1801,Customer_1801,contact_1801@example.com,North
1802,Customer_1802,contact_1802@example.com,South
1803,Customer_1803,contact_1803@example.com,North
1804,Customer_1804,contact_1804@example.com,North
1805,Customer_1805,contact_1805@example.com,South
1806,Customer_1806,contact_1806@example.com,West
1807,Customer_1807,contact_1807@example.com,West
1808,Customer_1808,contact_1808@example.com,North
1809,Customer_1809,contact_1809@example.com,South
1810,Customer_1810,contact_1810@example.com,North
1811,Customer_1811,contact_1811@example.com,East
1812,Customer_1812,contact_1812@example.com,East
1813,Customer_1813,contact_1813@example.com,North
1814,Customer_1814,contact_1814@example.com,West
1815,Customer_1815,contact_1815@example.com,West
1816,Customer_1816,contact_1816@example.com,North
1817,Customer_1817,contact_1817@example.com,North
1818,Customer_1818,contact_1818@example.com,East
1819,Customer_1819,contact_1819@example.com,West
1820,Customer_1820,contact_1820@example.com,North
1821,Customer_1821,contact_1821@example.com,East
1822,Customer_1822,contact_1822@example.com,West
1823,Customer_1823,contact_1823@example.com,South
1824,Customer_1824,contact_1824@example.com,East
1825,Customer_1825,contact_1825@example.com,West
1826,Customer_1826,contact_1826@example.com,West
1827,Customer_1827,contact_1827@example.com,East
1828,Customer_1828,contact_1828@example.com,South
1829,Customer_1829,contact_1829@example.com,East
1830,Customer_1830,contact_1830@example.com,West
1831,Customer_1831,contact_1831@example.com,North
1832,Customer_1832,contact_1832@example.com,North
1833,Customer_1833,contact_1833@example.com,East
1834,Customer_1834,contact_1834@example.com,West
1835,Customer_1835,contact_1835@example.com,North
1836,Customer_1836,contact_1836@example.com,West
1837,Customer_1837,contact_1837@example.com,East
1838,Customer_1838,contact_1838@example.com,North
1839,Customer_1839,contact_1839@example.com,West
1840,Customer_1840,contact_1840@example.com,North
1841,Customer_1841,contact_1841@example.com,East
1842,Customer_1842,contact_1842@example.com,West
1843,Customer_1843,contact_1843@example.com,North
1844,Customer_1844,contact_1844@example.com,East
1845,Customer_1845,contact_1845@example.com,North
1846,Customer_1846,contact_1846@example.com,North
1847,Customer_1847,contact_1847@example.com,South
1848,Customer_1848,contact_1848@example.com,South
1849,Customer_1849,contact_1849@example.com,East
1850,Customer_1850,contact_1850@example.com,South
1851,Customer_1851,contact_1851@example.com,East
1852,Customer_1852,contact_1852@example.com,South
1853,Customer_1853,contact_1853@example.com,North
1854,Customer_1854,contact_1854@example.com,East
1855,Customer_1855,contact_1855@example.com,East
1856,Customer_1856,contact_1856@example.com,North
1857,Customer_1857,contact_1857@example.com,East
1858,Customer_1858,contact_1858@example.com,East
1859,Customer_1859,contact_1859@example.com,South
1860,Customer_1860,contact_1860@example.com,East
1861,Customer_1861,contact_1861@example.com,West
1862,Customer_1862,contact_1862@example.com,North
1863,Customer_1863,contact_1863@example.com,South
1864,Customer_1864,contact_1864@example.com,South
1865,Customer_1865,contact_1865@example.com,West
1866,Customer_1866,contact_1866@example.com,North
1867,Customer_1867,contact_1867@example.com,North
1868,Customer_1868,contact_1868@example.com,South
1869,Customer_1869,contact_1869@example.com,East
1870,Customer_1870,contact_1870@example.com,South
1871,Customer_1871,contact_1871@example.com,North
1872,Customer_1872,contact_1872@example.com,West
1873,Customer_1873,contact_1873@example.com,South
1874,Customer_1874,contact_1874@example.com,North
1875,Customer_1875,contact_1875@example.com,South
1876,Customer_1876,contact_1876@example.com,East
1877,Customer_1877,contact_1877@example.com,South
1878,Customer_1878,contact_1878@example.com,South
1879,Customer_1879,contact_1879@example.com,North
1880,Customer_1880,contact_1880@example.com,North
1881,Customer_1881,contact_1881@example.com,North
1882,Customer_1882,contact_1882@example.com,South
1883,Customer_1883,contact_1883@example.com,East
1884,Customer_1884,contact_1884@example.com,West
1885,Customer_1885,contact_1885@example.com,West
1886,Customer_1886,contact_1886@example.com,North
1887,Customer_1887,contact_1887@example.com,North
1888,Customer_1888,contact_1888@example.com,South
1889,Customer_1889,contact_1889@example.com,West
1890,Customer_1890,contact_1890@example.com,North
1891,Customer_1891,contact_1891@example.com,East
1892,Customer_1892,contact_1892@example.com,East
1893,Customer_1893,contact_1893@example.com,North
1894,Customer_1894,contact_1894@example.com,North
1895,Customer_1895,contact_1895@example.com,West
1896,Customer_1896,contact_1896@example.com,West
1897,Customer_1897,contact_1897@example.com,South
1898,Customer_1898,contact_1898@example.com,West
1899,Customer_1899,contact_1899@example.com,East
1900,Customer_1900,contact_1900@example.com,East
1901,Customer_1901,contact_1901@example.com,North
1902,Customer_1902,contact_1902@example.com,West
1903,Customer_1903,contact_1903@example.com,South
1904,Customer_1904,contact_1904@example.com,East
1905,Customer_1905,contact_1905@example.com,East
1906,Customer_1906,contact_1906@example.com,South
1907,Customer_1907,contact_1907@example.com,South
1908,Customer_1908,contact_1908@example.com,East
1909,Customer_1909,contact_1909@example.com,East
1910,Customer_1910,contact_1910@example.com,South
1911,Customer_1911,contact_1911@example.com,East
1912,Customer_1912,contact_1912@example.com,North
1913,Customer_1913,contact_1913@example.com,North
1914,Customer_1914,contact_1914@example.com,South
1915,Customer_1915,contact_1915@example.com,West
1916,Customer_1916,contact_1916@example.com,South
1917,Customer_1917,contact_1917@example.com,South
1918,Customer_1918,contact_1918@example.com,West
1919,Customer_1919,contact_1919@example.com,West
1920,Customer_1920,contact_1920@example.com,West
1921,Customer_1921,contact_1921@example.com,North
1922,Customer_1922,contact_1922@example.com,East
1923,Customer_1923,contact_1923@example.com,North
1924,Customer_1924,contact_1924@example.com,East
1925,Customer_1925,contact_1925@example.com,North
1926,Customer_1926,contact_1926@example.com,East
1927,Customer_1927,contact_1927@example.com,North
1928,Customer_1928,contact_1928@example.com,West
1929,Customer_1929,contact_1929@example.com,South
1930,Customer_1930,contact_1930@example.com,North
1931,Customer_1931,contact_1931@example.com,East
1932,Customer_1932,contact_1932@example.com,West
1933,Customer_1933,contact_1933@example.com,North
1934,Customer_1934,contact_1934@example.com,North
1935,Customer_1935,contact_1935@example.com,West
1936,Customer_1936,contact_1936@example.com,North
1937,Customer_1937,contact_1937@example.com,South
1938,Customer_1938,contact_1938@example.com,North
1939,Customer_1939,contact_1939@example.com,South
1940,Customer_1940,contact_1940@example.com,South
1941,Customer_1941,contact_1941@example.com,West
1942,Customer_1942,contact_1942@example.com,North
1943,Customer_1943,contact_1943@example.com,West
1944,Customer_1944,contact_1944@example.com,North
1945,Customer_1945,contact_1945@example.com,North
1946,Customer_1946,contact_1946@example.com,East
1947,Customer_1947,contact_1947@example.com,North
1948,Customer_1948,contact_1948@example.com,West
1949,Customer_1949,contact_1949@example.com,South
1950,Customer_1950,contact_1950@example.com,North
1951,Customer_1951,contact_1951@example.com,East
1952,Customer_1952,contact_1952@example.com,West
1953,Customer_1953,contact_1953@example.com,North
1954,Customer_1954,contact_1954@example.com,West
1955,Customer_1955,contact_1955@example.com,East
1956,Customer_1956,contact_1956@example.com,East
1957,Customer_1957,contact_1957@example.com,West
1958,Customer_1958,contact_1958@example.com,North
1959,Customer_1959,contact_1959@example.com,South
1960,Customer_1960,contact_1960@example.com,East
1961,Customer_1961,contact_1961@example.com,North
1962,Customer_1962,contact_1962@example.com,North
1963,Customer_1963,contact_1963@example.com,South
1964,Customer_1964,contact_1964@example.com,East
1965,Customer_1965,contact_1965@example.com,East
1966,Customer_1966,contact_1966@example.com,North
1967,Customer_1967,contact_1967@example.com,North
1968,Customer_1968,contact_1968@example.com,South
1969,Customer_1969,contact_1969@example.com,South
1970,Customer_1970,contact_1970@example.com,East
1971,Customer_1971,contact_1971@example.com,West
1972,Customer_1972,contact_1972@example.com,East
1973,Customer_1973,contact_1973@example.com,North
1974,Customer_1974,contact_1974@example.com,East
1975,Customer_1975,contact_1975@example.com,West
1976,Customer_1976,contact_1976@example.com,South
1977,Customer_1977,contact_1977@example.com,West
1978,Customer_1978,contact_1978@example.com,West
1979,Customer_1979,contact_1979@example.com,West
1980,Customer_1980,contact_1980@example.com,South
1981,Customer_1981,contact_1981@example.com,West
1982,Customer_1982,contact_1982@example.com,West
1983,Customer_1983,contact_1983@example.com,West
1984,Customer_1984,contact_1984@example.com,North
1985,Customer_1985,contact_1985@example.com,West
1986,Customer_1986,contact_1986@example.com,South
1987,Customer_1987,contact_1987@example.com,West
1988,Customer_1988,contact_1988@example.com,West
1989,Customer_1989,contact_1989@example.com,South
1990,Customer_1990,contact_1990@example.com,West
1991,Customer_1991,contact_1991@example.com,South
1992,Customer_1992,contact_1992@example.com,West
1993,Customer_1993,contact_1993@example.com,South
1994,Customer_1994,contact_1994@example.com,West
1995,Customer_1995,contact_1995@example.com,West
1996,Customer_1996,contact_1996@example.com,North
1997,Customer_1997,contact_1997@example.com,North
1998,Customer_1998,contact_1998@example.com,West
1999,Customer_1999,contact_1999@example.com,West
2000,Customer_2000,contact_2000@example.com,East
